{
    "Time (s)": [
        0.0,
        0.13333,
        0.26667,
        0.4,
        0.53333,
        0.66667,
        0.8,
        0.93333,
        1.06667,
        1.2,
        1.33333,
        1.46667,
        1.6,
        1.73333,
        1.86667,
        2.0,
        2.13333,
        2.26667,
        2.4,
        2.53333,
        2.66667,
        2.8,
        2.93333,
        3.06667,
        3.2,
        3.33333,
        3.46667,
        3.6,
        3.73333,
        3.86667,
        4.0,
        4.13333,
        4.26667,
        4.4,
        4.53333,
        4.66667,
        4.8,
        4.93333,
        5.06667,
        5.2,
        5.33333,
        5.46667,
        5.6,
        5.73333,
        5.86667,
        6.0,
        6.13333,
        6.26667,
        6.4,
        6.53333,
        6.66667,
        6.8,
        6.93333,
        7.06667,
        7.2,
        7.33333,
        7.46667,
        7.6,
        7.73333,
        7.86667,
        8.0,
        8.13333,
        8.26667,
        8.4,
        8.53333,
        8.66667,
        8.8,
        8.93333,
        9.06667,
        9.2,
        9.33333,
        9.46667,
        9.6,
        9.73333,
        9.86667,
        10.0,
        10.13333,
        10.26667,
        10.4,
        10.53333,
        10.66667,
        10.8,
        10.93333,
        11.06667,
        11.2,
        11.33333,
        11.46667,
        11.6,
        11.73333,
        11.86667,
        12.0,
        12.13333,
        12.26667,
        12.4,
        12.53333,
        12.66667,
        12.8,
        12.93333,
        13.06667,
        13.2,
        13.33333,
        13.46667,
        13.6,
        13.73333,
        13.86667,
        14.0,
        14.13333,
        14.26667,
        14.4,
        14.53333,
        14.66667,
        14.8,
        14.93333,
        15.06667,
        15.2,
        15.33333,
        15.46667,
        15.6,
        15.73333,
        15.86667,
        16.0,
        16.13333,
        16.26667,
        16.4,
        16.53333,
        16.66667,
        16.8,
        16.93333,
        17.06667,
        17.2,
        17.33333,
        17.46667,
        17.6,
        17.73333,
        17.86667,
        18.0,
        18.13333,
        18.26667,
        18.4,
        18.53333,
        18.66667,
        18.8,
        18.93333,
        19.06667,
        19.2,
        19.33333
    ],
    "Thrust (lbf)": [
        -71.11742,
        -75.02042,
        -90.63291,
        -82.82691,
        -80.22442,
        -78.92342,
        -68.51542,
        -76.32142,
        -69.81642,
        -69.81642,
        -72.41842,
        -73.71942,
        -71.11742,
        -72.41842,
        -60.70893,
        -73.71942,
        -69.81642,
        -60.70893,
        -76.32142,
        -76.32142,
        -84.12791,
        -73.71942,
        -69.81642,
        -77.62242,
        -75.02042,
        -72.41842,
        -77.62242,
        -76.32142,
        64.19052,
        118.834,
        95.41551,
        623.63678,
        658.76525,
        666.57125,
        583.30479,
        637.94827,
        592.41228,
        644.45376,
        792.7717,
        778.4607,
        784.9657,
        797.97619,
        739.42922,
        851.31867,
        766.75121,
        735.52622,
        740.73022,
        730.32222,
        839.60918,
        743.33271,
        808.38419,
        751.13871,
        692.59224,
        762.84821,
        725.11773,
        757.64372,
        679.58174,
        692.59224,
        691.29075,
        699.09724,
        657.46376,
        666.57125,
        645.75476,
        630.14227,
        652.25976,
        657.46376,
        653.56076,
        506.54333,
        471.41534,
        447.99685,
        489.62984,
        501.33933,
        477.92083,
        501.33933,
        503.94133,
        505.24233,
        500.03833,
        471.41534,
        500.03833,
        480.52283,
        510.44682,
        507.84482,
        522.15582,
        485.72684,
        516.95182,
        514.34982,
        572.8963,
        477.92083,
        519.55382,
        483.12484,
        522.15582,
        510.44682,
        470.11434,
        523.45682,
        449.29785,
        451.89985,
        441.49185,
        527.36031,
        480.52283,
        256.74443,
        238.52994,
        196.89646,
        160.46748,
        152.66099,
        161.76848,
        116.232,
        130.54349,
        126.64049,
        116.232,
        92.81351,
        68.09352,
        58.98652,
        56.38452,
        31.66454,
        38.17003,
        30.36354,
        16.05205,
        10.84805,
        1.74055,
        -8.66745,
        4.34304,
        5.64404,
        -11.26945,
        43.37403,
        35.56754,
        36.86903,
        38.17003,
        38.17003,
        27.76154,
        13.45005,
        34.26654,
        25.15954,
        14.75105,
        9.54705,
        1.74055,
        0.43955,
        -2.16245,
        -3.46345,
        -17.77494,
        -25.58094,
        -17.77494,
        -26.88194,
        -29.48394,
        -25.58094,
        -28.18294,
        -34.68843
    ],
    "Combustion (psi)": [
        0.38349,
        1.70768,
        1.37664,
        -1.43729,
        1.04558,
        -0.77518,
        1.37664,
        -0.60966,
        -0.77518,
        -0.94072,
        0.88006,
        0.05243,
        -0.27861,
        1.37664,
        -0.11309,
        -0.11309,
        1.54216,
        -0.27861,
        0.38349,
        -0.77518,
        -0.60966,
        1.04558,
        0.38349,
        0.54901,
        1.37664,
        1.37664,
        -0.27861,
        0.05243,
        147.53498,
        132.14119,
        160.9425,
        384.73195,
        377.2833,
        348.15098,
        322.99121,
        322.16361,
        346.99228,
        358.74457,
        404.76042,
        405.09146,
        394.00131,
        410.22276,
        397.97391,
        387.04929,
        393.00819,
        406.25016,
        399.29814,
        401.11892,
        407.7399,
        412.20906,
        393.00819,
        389.03559,
        392.18053,
        384.40091,
        380.59382,
        377.94544,
        357.91691,
        368.01394,
        357.91691,
        350.96488,
        358.24801,
        344.01286,
        348.15098,
        345.66812,
        348.64754,
        349.47514,
        344.84046,
        328.12245,
        322.16361,
        330.93641,
        344.50942,
        342.85416,
        341.53,
        334.41239,
        334.08135,
        329.61219,
        341.86104,
        340.86786,
        323.32225,
        337.5574,
        322.16361,
        310.90788,
        311.57002,
        306.2732,
        339.04714,
        350.13729,
        347.32332,
        326.79829,
        311.90106,
        340.86786,
        325.47407,
        348.64754,
        329.11563,
        308.59054,
        330.43985,
        324.14991,
        324.14991,
        312.89418,
        290.38285,
        232.78023,
        195.8682,
        175.67418,
        160.77695,
        152.83177,
        145.87972,
        138.26559,
        132.30671,
        125.68573,
        122.54076,
        114.92659,
        110.45743,
        105.32619,
        103.67092,
        96.38783,
        92.91182,
        89.27025,
        84.13901,
        79.17326,
        76.02829,
        71.06253,
        69.24178,
        66.59337,
        62.6208,
        59.47583,
        56.99294,
        55.50323,
        51.53062,
        49.87539,
        43.58545,
        42.92334,
        43.25438,
        39.28181,
        36.63339,
        33.81949,
        30.84004,
        30.67452,
        26.70192,
        25.54325,
        24.05354,
        24.21906,
        21.73616,
        19.2533,
        19.08778,
        16.60491,
        16.77043,
        12.96336
    ],